Name,Phone,Plate
Ahmad Razak,60123456781,VGM8656
Tan Wei Ming,60198765432,JQA2222
Muthu a/l Ramasamy,60172345678,BKA3333
Siti Aminah,60163456789,PNB4444
Lim Siew Ling,60134567890,WMR1056
Devi a/p Gopal,60185678901,VBA6666
Mohd Hafiz,60146789012,AGD7777
Wong Ah Seng,60112345678,W8888C
Suresh a/l Krishnan,60103456789,PLA9999
Nurul Huda,60129876543,VEG1820
Lee Chong Wei,60192345678,JKK3434
Ravi a/l Chandran,60173456789,CCY8461
Azman Shah,60164567890,MCB7878
Ng Yen Yen,60135678901,BKD575
Vimala a/p Murugan,60186789012,V1234D
Farah Liyana,60147890123,WSA4092
Chin Voon Kiat,60113456789,SAB9012
Ganesh a/l Subramaniam,60104567890,KV3456A
Zainal Abidin,60125678901,WXE7890
Teoh Seng Hock,60193456789,JLB1122
Prema a/p Maniam,60174567890,AKU3344
Rosli Daud,60165678901,PHC5566
Lau Kim Seng,60136789012,VBL920
Viknesh a/l Rao,60187890123,WSP4267
Aishah Abu,60148901234,M1234F
Goh Li Ting,60114567890,DDE5678
Anand a/l Raj,60105678901,JJU9012
Khairul Anuar,60126789012,WYY3456
Yap Chee Keong,60194567890,BGT7890
Shanthi a/p Perumal,60175678901,NCF1111
Nor Azura,60166789012,VEE2222
Khoo Kay Kim,60137890123,VPK5049
Bala a/l Krishnan,60188901234,PKR4444
Syed Azmi,60149012345,AKP4419
Low Kian Chuan,60115678901,JMV6666
Kavitha a/p Sundram,60106789012,KDB7777
Intan Safira,60127890123,SYK7890
Chan Wei Han,60195678901,WQA9999
Rajesh a/l Pillai,60176789012,BNC1234
Hasmiza Othman,60167890123,RBC8780
Ong Ka Ting,60138901234,WUU9012
Nalini a/p Sambanthan,60189012345,AHB8777
Salmah Sidek,60140123456,JNA7890
Ting Pei Ling,60116789012,VGG1234
Siva a/l Kumar,60107890123,W5678H
Zul Kifli,60128901234,AEA9012
Foo Kok Keong,60196789012,PPD3456
Meena a/p Nathan,60177890123,WXX7890
Noor Hidayah,60168901234,JKA1234
Yeoh Keat Siong,60139012345,VHH5678
